序号,触发时间,IP地址1,IP地址2,地址1端口,地址2端口,主题,威胁类型
2302,2017/5/1 18:17,10.78.80.9,10.150.56.99,61630,161,SNMP_缺省口令[public],可疑行为
2303,2017/5/1 18:17,10.78.80.9,10.150.56.103,61630,161,SNMP_缺省口令[public],可疑行为
2304,2017/5/1 18:17,10.78.80.9,10.150.56.92,61630,161,SNMP_默认共同体名称尝试,可疑行为
2305,2017/5/1 18:17,10.78.80.9,10.150.56.103,61630,161,SNMP_默认共同体名称尝试,可疑行为
2306,2017/5/1 18:17,10.78.80.9,10.150.56.99,61630,161,SNMP_默认共同体名称尝试,可疑行为
2307,2017/5/1 18:17,10.78.80.9,10.150.56.125,61630,161,SNMP_缺省口令[public],可疑行为
2308,2017/5/1 18:17,10.78.80.9,10.150.56.125,61630,161,SNMP_默认共同体名称尝试,可疑行为
2309,2017/5/1 18:17,10.78.80.9,10.150.56.92,61630,161,SNMP_缺省口令[public],可疑行为
2310,2017/5/1 18:17,10.78.80.9,10.150.56.99,0,0,SNMP_默认共同体名称尝试,可疑行为
2313,2017/5/1 18:17,10.78.80.9,10.150.56.92,0,0,SNMP_默认共同体名称尝试,可疑行为
2316,2017/5/1 18:17,10.78.80.9,10.150.56.125,0,0,SNMP_默认共同体名称尝试,可疑行为
2317,2017/5/1 18:17,10.78.80.9,10.150.56.99,0,0,SNMP_缺省口令[public],可疑行为
2318,2017/5/1 18:17,10.78.80.9,10.150.56.92,0,0,SNMP_缺省口令[public],可疑行为
2319,2017/5/1 18:17,10.78.80.9,10.150.56.103,0,0,SNMP_缺省口令[public],可疑行为
2320,2017/5/1 18:17,10.78.80.9,10.150.56.125,0,0,SNMP_缺省口令[public],可疑行为
2321,2017/5/1 18:17,10.78.80.9,10.150.56.103,0,0,SNMP_默认共同体名称尝试,可疑行为
